{
	"type":"factor",
	"default":"3",
	"selected":"3",
	"3": {
		"name": "Metro/s²",
		"symbol": "m/s²",
		"numer": 1,
		"denom": 1,
		"ref":"0"
	},
	"2": {
		"name": "Kilómetro/s²",
		"symbol": "km/s²",
		"numer": 1,
		"denom": 1000,
		"ref":"0"
	},
	"1": {
		"name": "Kilómetro/h²",
		"symbol": "km/h²",
		"numer": 12960000,
		"denom": 1000,
		"ref":"0"
	},
	"4": {
			"name": "Milla/h²",
			"symbol": "mi/h²",
			"numer": 1.296e+9,
			"denom": 160934.4,
			"ref":"0"
	},
	"5": {
		"name": "Milla/s²",
		"symbol": "mi/s²",
		"numer": 100,
		"denom": 160934.4,
		"ref":"0"
	},
	"0": {
		"name": "Centimetro/s²",
		"symbol": "cm/s²",
		"numer": 100,
		"denom": 1,
		"ref":"0"
	},
	"7": {
		"name": "Pulgada/s²",
		"symbol": "in/s²",
		"numer": 1e2,
		"denom": 2.54,
		"ref":"0"
	},
	"6": {
		"name": "Pie/s²",
		"symbol": "ft/s²",
		"numer": 1e2,
		"denom": 30.48,
		"ref":"0"
	},
	"8": {
		"name": "Yarda/s²",
		"symbol": "yd/s²",
		"numer": 1e2,
		"denom": 91.44,
		"ref":"0"
	}
}