{
	"type":"factor",
	"default":"5",
	"selected":"5",
	"0": {
		"name": "Acres",
		"symbol": "acre",
		"numer": 10000,
		"denom": 40468564.224,
		"intern":0,
		"expo":1,
		"extern":0
	
	},
	"1": {
		"name": "Centímetros²",
		"symbol": "cm²",
		"numer": 10000,
		"denom": 1,
		"intern":0,
		"expo":1,
		"extern":0
	},
	"8": {
		"name": "Pies²",
		"symbol": "ft²",
		"numer": 1e4,
		"denom": 929.0304,
		"intern":0,
		"expo":1,
		"extern":0
	},
	"2": {
			"name": "Hectáreas",
			"symbol": "ha",
			"numer": 1,
			"denom": 1e4,
			"intern":0,
			"expo":1,
			"extern":0
	},
	"9": {
		"name": "Pulgadas²",
		"symbol": "in²",
		"numer": 1e4,
		"denom": 6.4516,
		"intern":0,
		"expo":1,
		"extern":0
	},
	"6": {
		"name": "Millas²",
		"symbol": "mi²",
		"numer": 1e4,
		"denom": 25899881103.36,
		"intern":0,
		"expo":1,
		"extern":0
	},
	"5": {
		"name": "Metros²",
		"symbol": "m²",
		"numer": 1,
		"denom": 1,
		"intern":0,
		"expo":1,
		"extern":0
	},
	"3": {
		"name": "Kilómetros²",
		"symbol": "km²",
		"numer": 1,
		"denom": 1e6,
		"intern":0,
		"expo":1,
		"extern":0
	},
	"7": {
		"name": "Milímetros²",
		"symbol": "mm²",
		"numer": 1e6,
		"denom": 1,
		"intern":0,
		"expo":1,
		"extern":0
	},
	"11": {
		"name": "Yardas²",
		"symbol": "yd²",
		"numer": 1e4,
		"denom": 8361.2736,
		"intern":0,
		"expo":1,
		"extern":0
	},
	"10": {
		"name": "Varas²",
		"symbol": "vrs²",
		"numer": 1e4,
		"denom": 7025.7924,
		"intern":0,
		"expo":1,
		"extern":0
	},
	"4": {
			"name": "Manzanas",
			"symbol": "mz",
			"numer": 1,
			"denom": 7025.7924,
			"intern":0,
			"expo":1,
			"extern":0
	}
}