{
	"type":"factor",
	"default":"6",
	"selected":"6",
	"0": {
		"name": "Angstroms",
		"symbol": "Å",
		"numer": 1e10,
		"denom": 1,
		"intern":0,
		"expo":1,
		"extern":0
	
	},
	"1": {
		"name": "Centímetros",
		"symbol": "cm",
		"numer": 1e2,
		"denom": 1,
		"intern":0,
		"expo":1,
		"extern":0
	},
	"2": {
		"name": "Decímetros",
		"symbol": "dm",
		"numer": 10,
		"denom": 1,
		"intern":0,
		"expo":1,
		"extern":0
	},
	"3": {
			"name": "Fentómetros",
			"symbol": "fm",
			"numer": 1e15,
			"denom": 1,
			"intern":0,
			"expo":1,
			"extern":0
	},
	"4": {
		"name": "Kilómetros",
		"symbol": "km",
		"numer": 1,
		"denom": 1e3,
		"intern":0,
		"expo":1,
		"extern":0
	},
	"5": {
		"name": "Leguas",
		"symbol": "lg",
		"numer": 125,
		"denom": 603504,
		"intern":0,
		"expo":1,
		"extern":0
	},
	"6": {
		"name": "Metros",
		"symbol": "m",
		"numer": 1,
		"denom": 1,
		"intern":0,
		"expo":1,
		"extern":0
	},
	"7": {
		"name": "Micrómetros",
		"symbol": "μm",
		"numer": 1e6,
		"denom": 1,
		"intern":0,
		"expo":1,
		"extern":0
	},
	"8": {
		"name": "Millas",
		"symbol": "mi",
		"numer": 125,
		"denom": 201168,
		"intern":0,
		"expo":1,
		"extern":0
	},
	"9": {
		"name": "Milímetros",
		"symbol": "mm",
		"numer": 1e3,
		"denom": 1,
		"intern":0,
		"expo":1,
		"extern":0
	},
	"10": {
		"name": "Nanómetros",
		"symbol": "nm",
		"numer": 1e9,
		"denom": 1,
		"intern":0,
		"expo":1,
		"extern":0
	},
	"11": {
			"name": "Picómetros",
			"symbol": "pm",
			"numer": 1e12,
			"denom": 1,
			"intern":0,
			"expo":1,
			"extern":0
	},
	"12": {
		"name": "Pies",
		"symbol": "ft",
		"numer": 1250,
		"denom": 381,
		"intern":0,
		"expo":1,
		"extern":0
	},
	"13": {
		"name": "Pulgadas",
		"symbol": "in",
		"numer": 5000,
		"denom": 127,
		"intern":0,
		"expo":1,
		"extern":0
	},
	"14": {
		"name": "Yardas",
		"symbol": "yd",
		"numer": 1250,
		"denom": 1143,
		"intern":0,
		"expo":1,
		"extern":0
	}
}