{
	"type":"factor",
	"default":"3",
	"selected":"3",
	"0": {
		"name": "Arroba",
		"symbol": "@",
		"numer": 1,
		"denom": 11.33980925,
		"ref":"0"
	},
	"1": {
		"name": "Centigramos",
		"symbol": "cg",
		"numer": 1e4,
		"denom": 1,
		"ref":"0"
	},
	"2": {
		"name": "Gramos",
		"symbol": "g",
		"numer": 1000,
		"denom": 1,
		"ref":"0"
	},
	"3": {
			"name": "Kilogramos",
			"symbol": "kg",
			"numer": 1,
			"denom": 1,
			"ref":"0"
	},
	"4": {
		"name": "Libras",
		"symbol": "lb",
		"numer": 1,
		"denom": 0.45359237,
		"ref":"0"
	},
	"5": {
		"name": "Microgramos",
		"symbol": "μg",
		"numer": 1e9,
		"denom": 1,
		"ref":"0"
	},
	"6": {
		"name": "Miligramos",
		"symbol": "mg",
		"numer": 1e6,
		"denom": 1,
		"ref":"0"
	},
	"7": {
		"name": "Onzas",
		"symbol": "oz",
		"numer": 16,
		"denom": 0.45359237,
		"ref":"0"
	},
	"8": {
		"name": "Quintal",
		"symbol": "qq",
		"numer": 1,
		"denom": 45.359237,
		"ref":"0"
	},
	"9": {
		"name": "Slugs",
		"symbol": "slug",
		"numer": 1,
		"denom": 14.593902937206368,
		"ref":"0"
	},
	"10": {
		"name": "Toneladas(cortas)",
		"symbol": "ton",
		"numer": 1,
		"denom": 907.18474,
		"ref":"0"
	},
	"11": {
			"name": "Toneladas(métricas)",
			"symbol": "ton mt",
			"numer": 1,
			"denom": 1000,
			"ref":"0"
	},
	"12": {
			"name": "Masa atómica",
			"symbol": "uma",
			"numer": 1,
			"denom": 1.660538921e-27,
			"ref":"0"
	}
}