{
	"type":"factor",
	"default":"5",
	"selected":"5",
	"0": {
		"name": "Centímetros/s",
		"symbol": "cm/s",
		"numer": 100,
		"denom": 1,
		"intern":0,
		"expo":1,
		"extern":0
	
	},
	"1": {
		"name": "Kilómetros/h",
		"symbol": "km/h",
		"numer": 3600,
		"denom": 1000,
		"intern":0,
		"expo":1,
		"extern":0
	},
	"2": {
		"name": "Kilómetros/min",
		"symbol": "km/min",
		"numer": 60,
		"denom": 1000,
		"intern":0,
		"expo":1,
		"extern":0
	},
	"3": {
		"name": "Kilómetros/s",
		"symbol": "km/s",
		"numer": 1,
		"denom": 1000,
		"intern":0,
		"expo":1,
		"extern":0
	},
	"4": {
		"name": "Metros/min",
		"symbol": "m/min",
		"numer": 60,
		"denom": 1,
		"intern":0,
		"expo":1,
		"extern":0
	},
	"5": {
		"name": "Metros/s",
		"symbol": "m/s",
		"numer": 1,
		"denom": 1,
		"intern":0,
		"expo":1,
		"extern":0
	},
	"6": {
		"name": "Millas/h",
		"symbol": "mi/h",
		"numer": 3.6e5,
		"denom": 160934.4,
		"intern":0,
		"expo":1,
		"extern":0
	},
	"7": {
		"name": "Millas/min",
		"symbol": "mi/min",
		"numer": 6e3,
		"denom": 160934.4,
		"intern":0,
		"expo":1,
		"extern":0
	},
	"8": {
		"name": "Millas/s",
		"symbol": "mi/s",
		"numer": 1e2,
		"denom": 160934.4,
		"intern":0,
		"expo":1,
		"extern":0
	},
	"9": {
		"name": "Milímetros/s",
		"symbol": "mm/s",
		"numer": 1e3,
		"denom": 1,
		"intern":0,
		"expo":1,
		"extern":0
	},
	"10": {
		"name": "Pies/min",
		"symbol": "ft/min",
		"numer": 6e3,
		"denom": 30.48,
		"intern":0,
		"expo":1,
		"extern":0
	},
	"11": {
		"name": "Pies/s",
		"symbol": "ft/s",
		"numer": 100,
		"denom": 30.48,
		"intern":0,
		"expo":1,
		"extern":0
	},
	"12": {
		"name": "Pulgadas/s",
		"symbol": "in/s",
		"numer": 1e2,
		"denom": 2.54,
		"intern":0,
		"expo":1,
		"extern":0
	},
	"13": {
			"name": "Yardas/s",
			"symbol": "yd/s",
			"numer": 1e2,
			"denom": 91.44,
			"intern":0,
			"expo":1,
			"extern":0
	}
}