{
	"type":"factor",
	"default":"0",
	"selected":"0",
	"0": {
		"name": "Celsius",
		"symbol": "°C",
		"numer": 1,
		"denom": 1,
		"intern":0,
		"expo":1,
		"extern":0
	},
	"1": {
		"name": "Fahrenheit",
		"symbol": "°F",
		"numer": 9,
		"denom": 5,
		"intern":0,
		"expo":1,
		"extern":32
	},
	"2": {
		"name": "Kelvin",
		"symbol": "K",
		"numer": 1,
		"denom": 1,
		"intern":0,
		"expo":1,
		"extern":273.15
	},
	"3": {
		"name": "Rankine",
		"symbol": "R",
		"numer": 9,
		"denom": 5,
		"intern":273.15,
		"expo":1,
		"extern":0
	}
}