{
	"type":"factor",
	"default":"10",
	"selected":"10",
	"0": {
		"name": "Año",
		"symbol": "año",
		"numer": 1,
		"denom": 31536000,
		"intern":0,
		"expo":1,
		"extern":0
	},
	"5": {
		"name": "Meses",
		"symbol": "mes",
		"numer": 1,
		"denom": 2628000,
		"intern":0,
		"expo":1,
		"extern":0
	},
	"3": {
		"name": "Días",
		"symbol": "día",
		"numer": 1,
		"denom": 86400,
		"intern":0,
		"expo":1,
		"extern":0
	},
	"4": {
			"name": "Horas",
			"symbol": "h",
			"numer": 1,
			"denom": 3600,
			"intern":0,
			"expo":1,
			"extern":0
	},
	"9": {
		"name": "Minutos",
		"symbol": "min",
		"numer": 1,
		"denom": 60,
		"intern":0,
		"expo":1,
		"extern":0
	},
	"10": {
		"name": "Segundos",
		"symbol": "s",
		"numer": 1,
		"denom": 1,
		"intern":0,
		"expo":1,
		"extern":0
	},
	"1": {
		"name": "Centisegundos",
		"symbol": "cs",
		"numer": 1e2,
		"denom": 1,
		"intern":0,
		"expo":1,
		"extern":0
	},
	"8": {
		"name": "Milisegundos",
		"symbol": "ms",
		"numer": 1e3,
		"denom": 1,
		"intern":0,
		"expo":1,
		"extern":0
	},
	"6": {
		"name": "Microsegundos",
		"symbol": "μs",
		"numer": 1e6,
		"denom": 1,
		"intern":0,
		"expo":1,
		"extern":0
	},
	"11": {
		"name": "Siglo",
		"symbol": "Sig",
		"numer": 1,
		"denom": 3153600000,
		"intern":0,
		"expo":1,
		"extern":0
	},
	"2": {
		"name": "Decenio",
		"symbol": "Dec",
		"numer": 1,
		"denom": 315360000,
		"intern":0,
		"expo":1,
		"extern":0
	},
	"7": {
			"name": "Milenio",
			"symbol": "Mil",
			"numer": 1,
			"denom": 31536000000,
			"intern":0,
			"expo":1,
			"extern":0
	}
}