{
	"type":"factor",
	"default":"6",
	"selected":"6",
	"0": {
		"name": "Centilitros",
		"symbol": "cL",
		"numer": 100,
		"denom": 1,
		"intern":0,
		"expo":1,
		"extern":0
	
	},
	"1": {
		"name": "Centímetros³",
		"symbol": "cm³",
		"numer": 1000,
		"denom": 1,
		"intern":0,
		"expo":1,
		"extern":0
	},
	"2": {
		"name": "Cuartos",
		"symbol": "qt",
		"numer": 4,
		"denom": 3.785411784,
		"intern":0,
		"expo":1,
		"extern":0
	},
	"3": {
			"name": "Decilitros",
			"symbol": "dL",
			"numer": 10,
			"denom": 1,
			"intern":0,
			"expo":1,
			"extern":0
	},
	"4": {
		"name": "Galones(US)",
		"symbol": "gal",
		"numer": 1,
		"denom": 3.785411784,
		"intern":0,
		"expo":1,
		"extern":0
	},
	"5": {
		"name": "Hectolítros",
		"symbol": "HL",
		"numer": 1,
		"denom": 100,
		"intern":0,
		"expo":1,
		"extern":0
	},
	"6": {
		"name": "Litros",
		"symbol": "L",
		"numer": 1,
		"denom": 1,
		"intern":0,
		"expo":1,
		"extern":0
	},
	"7": {
		"name": "Metros³",
		"symbol": "m³",
		"numer": 1,
		"denom": 1000,
		"intern":0,
		"expo":1,
		"extern":0
	},
	"8": {
		"name": "Microlitros",
		"symbol": "μL",
		"numer": 1e6,
		"denom": 1,
		"intern":0,
		"expo":1,
		"extern":0
	},
	"9": {
		"name": "Mililitros",
		"symbol": "mL",
		"numer": 1e3,
		"denom": 1,
		"intern":0,
		"expo":1,
		"extern":0
	},
	"10": {
		"name": "Onzas(US)",
		"symbol": "onz",
		"numer": 128,
		"denom": 3.785411784,
		"intern":0,
		"expo":1,
		"extern":0
	},
	"11": {
		"name": "Pies³",
		"symbol": "ft³",
		"numer": 1e6,
		"denom": 28316846.592000004,
		"intern":0,
		"expo":1,
		"extern":0
	},
	"12": {
			"name": "Pintas(US)",
			"symbol": "pt",
			"numer": 8,
			"denom": 3.785411784,
			"intern":0,
			"expo":1,
			"extern":0
	},
		"13": {
			"name": "Pulgadas³",
			"symbol": "in³",
			"numer": 1e6,
			"denom": 16387.064000000002,
			"intern":0,
			"expo":1,
			"extern":0
	},
		"14": {
			"name": "Tazas(US)",
			"symbol": "cup",
			"numer": 16,
			"denom": 3.785411784,
			"intern":0,
			"expo":1,
			"extern":0
	}
,
	"15": {
			"name": "Yardas³",
			"symbol": "yd³",
			"numer": 1e6,
			"denom": 764554857.9840001,
			"intern":0,
			"expo":1,
			"extern":0
	}
}